username,full_name,is_verified,has_anonymous_profile_picture,biography_len,external_url,followers,following,has_clips,highlight_count,is_professional_account,is_private,media_count,total_tags,total_likes,total_comments,name_length,media_count_of_data_collected,average_likes
shkb_shaz,شكيب شاهز💫MuhammedShakkeeb,0,0,68,0,1177,1091,1,10,1,0,102,25,3788,107,26.0,12,315.6666666666667
sayoojbkumar,💲🅱️k,0,0,51,1,853,851,0,14,1,0,79,29,2996,281,4.0,12,249.66666666666666
devadath__pramod_,Devadath      亗ㅤ,0,0,0,0,307,292,0,1,0,0,2,0,290,49,16.0,2,145.0
muhd____ramshad,Ramshad,0,0,0,0,371,623,0,2,0,0,4,8,520,24,7.0,4,130.0
s_h_i_n_z_,Shins,0,0,0,0,598,166,0,0,1,0,2,0,687,18,5.0,2,343.5
rami_jahan__,رميسة جهان ,0,0,0,0,242,231,0,11,0,1,0,0,0,0,12.0,0,0.0
sidharth.a_s_s,sidhartha sakthidharan,0,0,28,0,506,489,0,0,0,1,13,17,1603,98,22.0,12,133.58333333333334
famis___firoz,Famis ___ firoz,0,0,0,0,997,781,1,4,0,0,28,7,3307,295,15.0,12,275.5833333333333
akshay__p_r,Akshay p r,0,0,75,0,615,367,0,5,0,1,5,7,969,113,10.0,5,193.8
_f__i_da__,ائشة  فدة,0,1,0,0,463,797,0,0,0,1,0,0,0,0,10.0,0,0.0
____anshi__,U.A,0,0,150,0,2735,177,1,14,1,0,80,0,2125,145,3.0,12,177.08333333333334
non_h_e_a_d_e_r,.محمد رقيب🌼,0,0,62,0,1705,1644,1,13,1,0,114,20,3426,104,11.0,12,285.5
sdd410_,Ft.me,0,0,5,0,1036,1073,0,3,0,1,0,0,0,0,5.0,0,0.0
___.abnv.__,🌻ABHINAV🌻,0,0,36,0,891,680,1,6,1,0,10,13,2410,221,9.0,10,241.0
abin__1,🍁   abin    🍁,0,0,35,0,442,599,0,0,1,0,3,22,685,11,13.0,3,228.33333333333334
sarang_dileep_,Sarang Dileep,0,0,0,0,477,554,0,0,0,1,9,1,1086,75,13.0,9,120.66666666666667
sidhique.sidhi,s_dh_que.s_dh_,0,0,4,0,1033,790,0,0,1,0,5,13,868,122,14.0,5,173.6
adillnazar,Adil,0,0,16,0,751,341,1,5,0,1,6,3,876,170,4.0,6,146.0
chinmay_ks,chinmay ks,0,0,0,0,719,735,0,1,0,1,3,4,501,4,10.0,3,167.0
surya_teja_vaddi,surya_teja_vaddi,0,0,15,1,650,793,1,0,0,0,134,1,2430,98,16.0,12,202.5
rash__a__d,🍁ŔΛSĤΛD MƱĤΛMMƐD🍁,0,1,32,0,647,373,0,3,1,0,2,10,439,39,20.0,2,219.5
rahil__blz,Rahil Muthu,0,0,0,0,289,605,0,4,0,0,33,0,765,37,11.0,12,63.75
sou_rv_,sourav,0,0,18,0,1014,905,0,5,0,1,37,7,4890,233,6.0,12,407.5
__.a_thul__,ATHUL,0,0,0,0,523,230,1,4,0,1,2,3,307,25,5.0,2,153.5
dev.ipriya,Devipriya❤️,0,0,10,0,534,526,0,1,0,1,0,0,0,0,11.0,0,0.0
abh_i._,A  B  H  I  N  A  N  D,0,0,10,0,907,663,0,2,1,0,20,19,2920,284,22.0,12,243.33333333333334
sh464n,شرن♂️,0,0,51,0,1411,226,1,2,1,0,3,10,607,23,5.0,3,202.33333333333334
aath_ira_shine_,Aathira shine,0,0,145,0,1045,739,1,6,0,1,14,25,3726,286,13.0,12,310.5
ya_dhu01,YADHU VIKAS,0,0,2,0,285,418,0,1,0,0,0,0,0,0,11.0,0,0.0
vyshnavi__balan,Vyshnavi,0,0,46,0,2043,224,1,6,1,0,36,20,5595,336,8.0,12,466.25
_chain.__.breaker_,ᴀʙʜɪ,0,0,141,0,1014,689,0,2,1,0,13,19,4203,230,4.0,12,350.25
ragendus,Ragendu s,0,0,0,0,203,173,0,2,0,1,0,0,0,0,9.0,0,0.0
xx_ashfak__,💕- محمد اشفاق-💕,0,0,25,0,632,514,1,9,0,1,9,1,1414,119,15.0,9,157.11111111111111
th_eja_,The_ja,0,0,0,0,371,447,0,0,0,1,2,0,228,18,6.0,2,114.0
hxskyxx.xo,0,0,0,4,0,34,33,0,0,0,1,2,0,31,5,0.0,2,15.5
fa_yi_l,F_a_yil,0,0,0,0,803,788,0,4,0,1,42,24,2611,286,7.0,12,217.58333333333334
nandhulalvm,𝓷𝓪𝓷𝓭𝓱𝓾𝓵𝓪𝓵,0,0,40,0,462,552,0,2,0,1,18,16,1814,55,9.0,12,151.16666666666666
adarshm_001,Adarsh m,0,0,15,0,941,882,0,3,0,0,2,0,590,49,8.0,2,295.0
manojgolla02,Manoj Golla,0,0,0,0,263,435,0,0,0,1,0,0,0,0,11.0,0,0.0
muhd_nihal___,محمد نهال 🥀,0,0,1,0,1265,466,0,3,1,0,13,3,2273,121,11.0,12,189.41666666666666
sasnanahas,SasnaNahas,0,0,0,0,18,35,0,0,0,0,0,0,0,0,10.0,0,0.0
remya_harish_,Remya Harish,0,0,109,0,202,475,0,0,0,1,0,0,0,0,12.0,0,0.0
anandraj_br,ANAND RAJ B.R,0,0,78,0,208,177,1,0,1,0,11,37,944,203,13.0,11,85.81818181818181
_.a_swin._,Aswin,0,0,47,0,159,197,0,0,0,0,0,0,0,0,5.0,0,0.0
nijas__mhd__,🦋محمد نجاس🦋,0,0,24,0,1963,1441,1,12,1,0,87,12,3274,120,11.0,12,272.8333333333333
k___z____r,KiranLal,0,0,76,0,197,183,0,1,0,1,6,32,332,1,8.0,6,55.333333333333336
v__a_s_c__o_,ᴀ ʀ ᴊ ᴜ ɴ  ᴠᴀꜱᴄᴏ,0,0,120,0,794,5345,1,19,0,0,6,4,897,80,16.0,6,149.5
_a_m.a_l__,Amal,0,0,2,0,937,1706,0,0,0,0,1,0,211,25,4.0,1,211.0
shafi______nasar,𝒮𝒽𝒶𝒻𝒾 𝓃𝒶𝓈𝒶𝓇,0,0,38,0,474,719,0,4,0,1,60,9,1172,108,11.0,12,97.66666666666667
saniga_s.kumar,s❤ɐuᴉ,0,0,97,0,327,328,0,7,0,1,5,11,902,60,5.0,5,180.4
abhishek_6663,Abhishek op,0,0,0,0,224,646,0,0,0,0,0,0,0,0,11.0,0,0.0
_shan_sheri_,shahana sherin♡︎,0,0,15,0,686,606,0,6,0,1,0,0,0,0,16.0,0,0.0
cherogill_,Adheena Babu,0,0,93,1,1820,422,1,9,0,0,293,2,2259,97,12.0,12,188.25
_m_i_d_h_u,midlaj,0,0,7,0,581,660,0,0,1,0,12,29,2387,36,6.0,12,198.91666666666666
m_i_n_d.r_e_a_d_e_r_,aathira,0,0,56,0,115,111,0,1,0,0,11,3,702,56,7.0,11,63.81818181818182
jerin.shaji13,Jerin Shaji,0,0,45,0,765,794,0,1,1,0,67,37,2498,187,11.0,12,208.16666666666666
__.ananthika.__,Ananthika,0,0,85,0,1106,566,0,5,0,0,3,5,1562,210,9.0,3,520.6666666666666
nourin7981,nourin,0,0,0,0,90,46,1,0,0,0,33,0,97,1,6.0,12,8.083333333333334
aj__al__93,♡__DeAd__LiFe__🌻,0,0,0,0,858,654,0,7,1,0,6,4,1153,59,16.0,6,192.16666666666666
13_silent_eyes_13,Shahnaz Sultana,0,0,76,0,148,144,0,1,1,0,30,0,222,4,15.0,12,18.5
bingazuran,Hrishikesh P,0,0,42,0,404,448,1,2,1,0,40,27,1936,396,12.0,12,161.33333333333334
_shibinlal,SHIBI,0,0,92,0,1351,1145,0,0,1,0,2,7,2134,188,5.0,2,1067.0
hk_sud_30,HariShankar Sudheer,0,0,39,0,260,357,0,2,0,1,0,0,0,0,19.0,0,0.0
__mad___psycho__,ꪜỉకꫝ᭢ꪊ,0,0,103,0,371,870,0,3,1,0,28,1,795,20,7.0,12,66.25
kutty_sankaran_,Deva..,0,0,17,0,312,247,0,0,0,1,6,16,921,309,6.0,6,153.5
_shibilshan__,🍀محمد شبل🍀🚫_‾᷄MDS‾᷅_,0,0,45,0,905,239,1,9,0,1,53,26,2218,127,20.0,12,184.83333333333334
abhijith.o.m,ABHIJITH . O . M,0,0,112,0,1191,1074,1,3,0,0,46,24,3360,622,16.0,12,280.0
sreehari_nandhu_,SREEHARI,0,0,0,0,437,509,0,0,0,0,7,14,1240,245,8.0,7,177.14285714285714
sidh4rth_,Sidharth,0,0,7,0,892,880,0,0,0,1,0,0,0,0,8.0,0,0.0
_fahil__fahii_,__fahii__,0,0,150,0,726,425,1,15,0,0,53,20,2809,349,9.0,12,234.08333333333334
muhammdsuhail_,Muhammed Suhail,0,0,60,0,636,317,1,8,1,0,8,5,857,34,15.0,8,107.125
anek_c_b,Anek CB,0,0,44,1,1166,1123,1,9,0,1,27,40,3802,391,7.0,12,316.8333333333333
sal.maan__,SALMAN 💫,0,0,1,0,145,170,0,0,0,0,0,0,0,0,8.0,0,0.0
____karthika____,𝕂𝕒𝕣𝕥𝕙𝕚𝕜𝕒,0,0,94,1,1181,868,0,12,0,1,7,5,2722,202,8.0,7,388.85714285714283
_praveena_kumaraswamy,प्रवीणा 🦋,0,0,17,1,702,680,0,6,0,1,47,72,3881,376,9.0,12,323.4166666666667
adwaith_l,adwaith lohil,0,0,80,0,972,982,0,0,0,1,37,53,4398,258,13.0,12,366.5
akash___r,Akash R,0,0,72,0,565,701,0,24,0,1,21,3,1553,22,7.0,12,129.41666666666666
maks_00_d,Mksd,0,0,36,0,717,351,0,4,1,0,25,102,1837,66,4.0,12,153.08333333333334
adithya_sadasivan,adithya_sadasivan,0,0,0,0,135,407,0,0,0,1,18,4,871,74,17.0,12,72.58333333333333
__c___p___,ʙɪʙɪɴ  ᴄ  ᴘ,0,0,3,0,617,624,0,4,1,0,11,45,2094,96,11.0,11,190.36363636363637
v_i_s__h_n_u_____,vishnu,0,0,0,0,1164,2707,0,0,0,0,13,2,3365,136,6.0,12,280.4166666666667
vishnu_25__,VISHNU M VIJAY,0,0,12,0,1215,765,0,0,0,1,24,13,4264,339,14.0,12,355.3333333333333
athira____menon,𝒜𝓉𝒽𝒾𝓇𝒶 𝓂𝑒𝓃𝑜𝓃,0,0,17,0,475,563,0,1,0,1,21,9,2276,123,12.0,12,189.66666666666666
i_am_shahal,Muhammed shahal,0,0,53,1,64,71,0,0,0,0,0,0,0,0,15.0,0,0.0
_ab_hi_,Abhinand,0,0,58,0,261,222,0,0,1,0,1,0,88,5,8.0,1,88.0
muh____d__shamil,Muhammed Shamil,0,0,0,0,952,883,1,8,0,1,78,24,1868,44,15.0,12,155.66666666666666
abh_i_nandh,`,0,0,14,0,892,543,0,1,0,0,0,0,0,0,1.0,0,0.0
k_z_r_vi_ll_an,K z r😍,0,0,108,0,776,286,0,10,1,0,50,217,2472,532,6.0,12,206.0
pranay____007,Pranay Gopalkrishnan,0,0,112,0,634,866,1,0,1,0,29,10,1676,204,20.0,12,139.66666666666666
jishnu_pv__,Jishnu Pv,0,0,21,0,1189,1329,0,11,0,0,14,51,3377,163,9.0,12,281.4166666666667
__indru_,INDRAJ,0,0,73,0,824,639,0,9,0,0,18,26,3028,347,6.0,12,252.33333333333334
adnan_muhd_yoonus,Adnan Muhammed Yoonus,0,0,18,0,725,1019,1,5,1,0,44,8,2499,144,21.0,12,208.25
_azlam___,توفيق أسلم,0,0,81,0,1226,1239,0,1,1,0,5,11,1170,109,11.0,5,234.0
sxnjxnx777,sanjana,0,0,22,0,131,138,0,0,0,1,22,28,746,127,7.0,12,62.166666666666664
alan_baiju,𝘼𝙡𝙖𝙣,0,0,56,0,1175,1002,0,4,0,1,13,38,2794,404,4.0,12,232.83333333333334
__akhil_p_s__,AKHIL P S,0,0,13,0,174,242,0,0,0,0,4,5,308,27,9.0,4,77.0
f______ae__z,F A R I Z  A Z I Z,0,0,0,0,1101,1424,0,2,0,1,1,9,189,10,18.0,1,189.0
manvendrasharma2030,0,0,0,0,0,56,63,0,0,0,1,0,0,0,0,0.0,0,0.0
fida_rash__d_,_𝖋𝖎𝖉𝖆_,0,0,28,0,323,284,0,0,0,1,4,10,517,27,6.0,4,129.25
sne__ha__sree,Sne__ha__,0,0,17,0,246,331,0,0,0,1,1,5,103,26,9.0,1,103.0
anand_raj_br,Anandraj,0,0,149,0,2211,2006,1,4,1,0,63,56,8707,505,8.0,12,725.5833333333334
shajinasrbz,Shajinas Rbz,0,0,0,0,351,145,0,0,0,0,28,0,955,44,12.0,12,79.58333333333333
_n4mii._,ɴᴀᴍɪᴛʜᴀ s,0,0,53,0,691,678,0,7,0,1,10,21,2744,273,9.0,10,274.4
______pranav____,__am ok__,0,0,26,0,1002,1047,0,8,0,0,7,34,2299,150,9.0,7,328.42857142857144
anek.c.b,Anek,0,0,28,0,131,142,0,0,0,0,0,0,0,0,4.0,0,0.0
shaliques,Shalique Shoukath,0,0,81,1,2825,1484,1,14,0,1,188,2,3474,43,17.0,12,289.5
_.totti._____,•𝒜𝒷𝒽𝒾 •🌻,0,0,1,0,910,379,0,0,0,0,4,5,759,81,8.0,4,189.75
rohit_gen,Rohit Genome,0,0,0,0,449,495,0,0,0,1,0,0,0,0,12.0,0,0.0
midhu.n._,MIDHUN✨,0,0,0,0,713,400,0,5,1,0,17,8,2153,624,7.0,12,179.41666666666666
_click_to_shoot,_click_to_shoot,0,0,98,0,290,725,1,0,1,0,70,0,370,3,15.0,12,30.833333333333332
__nef__si,__nef__si,0,0,15,0,458,175,0,2,0,1,0,0,0,0,9.0,0,0.0
nvy_n3o,നിന്നിലെ എന്നെഴുത്ത്,0,0,110,0,210,393,0,1,1,0,8,84,603,78,20.0,8,75.375
ameenshaa___,شامل امين,0,0,9,0,672,803,0,1,1,0,5,11,821,22,9.0,5,164.2
z3r0k._,0,0,0,27,0,167,185,0,0,0,1,23,22,1035,119,0.0,12,86.25
akhil_muhammed__,0,0,0,8,0,825,638,1,6,0,1,16,12,2990,93,0.0,12,249.16666666666666
sa_y_and_shajil,Sayand,0,0,33,0,594,574,1,8,0,1,47,37,2587,336,6.0,12,215.58333333333334
_jr.are_key_,ABHiNAND,0,1,0,0,428,666,0,0,0,0,0,0,0,0,8.0,0,0.0
anu._dev,Anu dev,0,0,0,0,712,736,0,0,1,0,29,14,2992,291,7.0,12,249.33333333333334
the_winterpilot_,ᴛʜᴇ ᴡɪɴᴛᴇʀᴘɪʟᴏᴛ,0,0,27,0,1107,466,1,4,1,0,25,32,1540,146,15.0,12,128.33333333333334
yadhu.jpg,Yadhu Krishna M,0,0,1,1,987,1272,0,8,1,0,61,30,2407,92,15.0,12,200.58333333333334
shajilashefeer,shajila shefeer ali,0,0,51,0,130,19,0,0,0,0,5,4,349,23,19.0,5,69.8
_lesoon_,lezun,0,0,1,0,1437,697,1,10,0,0,32,25,4528,244,5.0,12,377.3333333333333
shankar_m_v,0,0,0,0,0,428,447,0,0,0,1,4,14,748,96,0.0,4,187.0
_vipulv,ѴιƤʋ˩ Ѵ,0,0,85,0,422,416,1,12,0,0,16,50,2195,470,7.0,12,182.91666666666666
a_k_p7777,Amrit K Pillai,0,0,46,0,354,603,0,1,0,1,0,0,0,0,14.0,0,0.0
govind.v.gopal12,G O V i N D,0,0,11,1,1444,1438,0,0,1,0,45,25,5236,372,11.0,12,436.3333333333333
aksebz000,ak sebz,0,0,54,0,193,316,0,0,0,1,17,6,612,10,7.0,12,51.0
ammuz_ganna,ammu💕,0,0,147,0,6083,299,1,24,0,1,322,40,3488,120,5.0,12,290.6666666666667
abhijithvikas,Abhijith Vikas,0,0,131,0,1063,1548,1,11,0,0,180,14,2951,150,14.0,12,245.91666666666666
n_a_e_e_m_t_p,نَعِيم,0,0,33,0,1467,1774,1,47,1,0,244,0,1090,16,6.0,12,90.83333333333333
mukil_suresh_5342,Mukil Suresh,0,0,52,0,594,1139,0,0,0,1,46,37,2766,276,12.0,12,230.5
aswin_s__k,ᴀꜱᴡɪɴ ꜱᴋ,0,0,24,0,229,189,0,0,0,0,4,11,303,113,8.0,4,75.75
____anshi.__,UA,0,0,44,0,457,97,1,1,1,0,19,1,2083,94,2.0,12,173.58333333333334
catagra_,Cᴀᴛᴀɢʀᴀ ᴏʀɴᴀᴍᴇɴᴛᴀʟ ғɪsʜ ғᴀʀᴍ,0,0,77,0,259,1002,0,0,0,0,12,0,528,9,28.0,12,44.0
iam__madmaddy,Mohammed Ijas S,0,0,19,0,167,266,0,0,0,1,0,0,0,0,15.0,0,0.0
sudu_sudev,Sudev K U,0,0,52,0,967,985,0,0,0,1,16,68,3235,368,9.0,12,269.5833333333333
rashidrahmanrbz,RbZ Rashid Rahman,0,0,0,0,645,1695,0,0,0,0,7,0,853,44,17.0,7,121.85714285714286
adil_1813,عادل سهد 🌼,0,0,22,0,1147,971,0,2,0,0,21,39,6059,262,10.0,12,504.9166666666667
anu._krishna._,Anukrishna PK🤓,0,0,101,1,738,835,0,16,1,0,26,27,2223,243,14.0,12,185.25
prarthik_km__,prarthik,0,0,97,0,2677,959,1,9,1,0,11,31,3883,175,8.0,11,353.0
ajil.ak.2255,Ajil AK,0,0,26,0,690,564,0,0,0,0,3,25,584,83,7.0,3,194.66666666666666
ianuzrin._,𝑨𝒏𝒖𝒔𝒓𝒊𝒏❕,0,0,6,0,428,310,0,1,0,1,0,0,0,0,8.0,0,0.0
k.r.i.s.h.n.a_19,Krishna Sudheer,0,0,2,0,630,1307,0,0,0,0,3,3,695,126,15.0,3,231.66666666666666
_mojo__jojo____,Priya T V,0,0,80,0,897,716,1,14,0,1,226,1,3216,79,9.0,12,268.0
xi_xi_xo,0,0,1,0,0,389,190,0,0,1,0,0,0,0,0,0.0,0,0.0
_sreeram.anil_,Sreeram Anil,0,0,23,0,620,517,0,0,0,1,2,15,443,13,12.0,2,221.5
fadil___firoz,MUHAMMED FADIL FIROZ,0,0,110,0,97,88,1,5,0,1,10,1,320,8,20.0,10,32.0
anand_601,ANAND K K,0,0,0,0,422,400,0,1,0,1,44,32,852,14,9.0,12,71.0
___munavir___,مُحَمّدْ مُنَوِرْ,0,0,64,0,2016,1194,1,5,0,0,128,19,4994,318,17.0,12,416.1666666666667
roo._.th,RO HIT🥀,0,0,12,1,162,127,0,0,0,0,6,4,450,98,7.0,6,75.0
akymaster,Akshay V,0,0,0,1,640,751,0,0,0,1,9,2,1123,33,8.0,9,124.77777777777777
__fluffy_duffy,Arya Nimmy Raju,0,0,108,0,511,633,1,3,0,1,195,6,1998,176,15.0,12,166.5
_rahoool_,Rahul Mohan,0,0,45,0,554,1026,0,0,0,1,8,19,1178,188,11.0,8,147.25
gunasekhar15__,Guna Sekhar,0,0,0,0,156,171,0,0,0,1,0,0,0,0,11.0,0,0.0
karthika_kan,Karthika A Nair,0,0,44,0,304,370,0,1,0,1,18,28,1764,104,15.0,12,147.0
__.psycho._.guy.__,Bharath,0,0,0,0,380,454,0,4,0,1,10,39,1078,47,7.0,10,107.8
ame2n_,🌱أبو آمين‏,0,0,0,0,561,344,0,3,0,1,0,0,0,0,13.0,0,0.0
meenakshy_sreedhar_,Meenakshy Sreedhar,0,0,1,0,639,531,0,5,0,1,9,21,2230,148,18.0,9,247.77777777777777
yaswanthjonnalagadda,💗Yaswanth Jonnalagadda 💗,0,0,31,0,332,395,0,5,0,1,3,2,269,27,24.0,3,89.66666666666667
rohith_rkr_,R💫hith,0,0,39,0,867,827,0,0,0,1,6,1,1723,63,6.0,6,287.1666666666667
j_a_y_a_2k1,jayasankar pm,0,0,55,0,312,295,0,0,0,0,6,11,733,93,13.0,6,122.16666666666667
__na_hala,Nahala fathima,0,0,9,0,296,301,0,0,0,1,0,0,0,0,14.0,0,0.0
_le_s_t_er_,『LESTER 』❄,0,0,21,0,412,1200,1,3,1,0,18,3,1420,23,10.0,12,118.33333333333333
facesof_neh,Nahala Sherin,0,0,40,0,909,486,1,11,1,0,43,14,2500,361,13.0,12,208.33333333333334
jadhus_,Jadheed 🌹,0,0,126,1,2170,1808,1,3,1,0,29,62,1256,28,9.0,12,104.66666666666667
th_e_rta,𝗧𝗵𝗲𝗲𝗿𝘁𝗵𝗮🦋,0,0,108,0,460,300,0,1,0,1,0,0,0,0,9.0,0,0.0
kri_s_.h,Anantha krishnan,0,0,106,0,616,593,0,4,0,1,21,67,2011,196,16.0,12,167.58333333333334
a._na._g._ha,_Anagha_,0,0,42,0,609,603,0,3,0,1,0,0,0,0,8.0,0,0.0
a_k_a_s_h_leo,Akash NK,0,0,0,0,245,364,0,0,0,0,1,1,145,15,8.0,1,145.0
4ndhu,Anandhu,0,0,0,0,1283,417,0,3,1,0,3,5,999,18,7.0,3,333.0
navya_t.k,Navya Thengakalathil,0,0,63,0,665,1034,0,2,0,1,9,10,1568,72,20.0,9,174.22222222222223
r1chu__,𝕂𝕒𝕣𝕥𝕙𝕚𝕜,0,0,22,0,598,480,0,0,0,1,0,0,0,0,7.0,0,0.0
yadukrishnan_,യദുകൃഷ്ണൻ,0,0,1,0,689,723,0,0,0,1,0,0,0,0,9.0,0,0.0
s___m___k____,🍂SURYARAJ M 🍃,0,0,114,0,553,669,0,8,1,0,0,0,0,0,13.0,0,0.0
basila_thasneem,basila thasni,0,0,53,0,547,545,0,22,0,1,52,27,2550,253,13.0,12,212.5
dipin_dahiya,Dipin Dahiya,0,0,88,0,322,298,0,5,0,0,5,1,600,73,12.0,5,120.0
_hemanth._.157,hemanth😎,0,0,83,0,206,132,0,0,1,0,2,0,236,12,8.0,2,118.0
mi_dh___un_,MIDHUN✨,0,0,0,0,389,404,0,1,0,0,0,0,0,0,7.0,0,0.0
_jyothiiikaa_,0,0,0,0,0,889,838,0,10,0,1,2,2,961,104,0.0,2,480.5
rosmin_rosz,Rosmin,0,0,80,0,481,449,0,0,0,1,0,0,0,0,6.0,0,0.0
gou_th__m,Goutham Chandran,0,0,0,0,378,378,0,1,1,0,13,0,1807,11,16.0,12,150.58333333333334
_arvind.pvt,Arvind,0,0,6,0,318,329,0,0,0,1,1,2,133,11,6.0,1,133.0
_.dablo_,Abhiram Murali,0,0,30,0,825,902,0,4,0,1,6,39,1820,261,14.0,6,303.3333333333333
sjnidal,𝗡𝗜𝗗𝗔𝗟,0,0,15,0,811,297,0,5,0,1,0,0,0,0,5.0,0,0.0
__anugrahh__,AnugraH DAS,0,0,52,0,556,472,0,8,0,1,15,29,2181,336,11.0,12,181.75
ardra_nanduz,Ardra Nanduz,0,0,0,0,455,781,0,12,0,1,0,0,0,0,12.0,0,0.0
_a.b.hi_._,̸̸̸̸̸̸̸̸̸Ａｂｈｉｎａｖ.Ｐ.Ｋ,0,0,18,0,607,504,0,1,0,1,0,0,0,0,20.0,0,0.0
tejeshwar.mk,0,0,0,50,0,471,730,0,0,0,1,3,5,349,18,0.0,3,116.33333333333333
_.a.t.u.l._,Atul.,0,0,7,0,529,649,0,0,0,1,1,13,227,54,5.0,1,227.0
megha_p_k_sh,Megha Prakash,0,0,38,0,728,730,0,2,0,1,1,1,337,34,13.0,1,337.0
mathumal_07,Adarsh Mathumal,0,0,0,0,450,644,0,0,0,0,12,28,2133,405,15.0,12,177.75
a_r_pitha,S_W_£_£_T @ D_R_£_A_M_£_R,0,0,0,0,278,341,1,2,0,1,95,0,705,12,25.0,12,58.75
crazykid521,AMMU,0,0,118,0,318,494,0,0,0,1,1,1,117,6,4.0,1,117.0
gokul_kri_shna,Gokul Krishna G P,0,0,41,1,731,821,1,3,1,0,122,0,962,182,17.0,12,80.16666666666667
_saran_krishna_,S∆R∆N,0,0,49,0,1076,1266,0,2,0,0,17,61,4234,226,5.0,12,352.8333333333333
hanaaaaan._,حنان🍃,0,0,0,0,3843,4827,0,0,0,0,9,3,5378,172,5.0,9,597.5555555555555
sahalsidheeque,sahalsidheeque,0,0,0,0,882,413,0,0,0,0,3,2,1373,37,14.0,3,457.6666666666667
yahyaameen17,Yahya Ameen,0,0,1,0,657,1170,0,5,1,0,19,15,2177,102,11.0,12,181.41666666666666
thejasgopan,THEJ▲S,0,0,40,0,514,796,0,1,0,1,3,9,621,108,6.0,3,207.0
_haris_mohd_,haris_mohd_,0,0,5,0,528,298,0,0,1,0,3,13,752,96,11.0,3,250.66666666666666
stylehomes_rental_apartments,Shine Kottekat Ramakrishnan Kodungallur,0,0,150,0,129,530,1,2,0,0,7,0,92,0,39.0,7,13.142857142857142
cp.shamnad,شمناد,0,1,0,0,263,206,0,0,0,0,0,0,0,0,5.0,0,0.0
___.arjun_.__,Arjun Manoj,0,0,98,0,614,586,0,1,0,1,13,15,2850,248,11.0,12,237.5
a_k_a_s_h_n_k,Akash NK,0,0,0,0,858,892,1,12,1,0,23,24,3346,263,8.0,12,278.8333333333333
_.kudu.__,Kudu,0,0,0,0,805,478,1,0,0,0,4,2,879,15,4.0,4,219.75
_spandana_devisetty_,SPÂÑDÃNĀ🖤,0,0,24,0,598,577,0,7,0,1,10,1,3068,273,13.0,10,306.8
n_i_h_aaa_l,Muhammad Nihal,0,0,96,0,1809,3013,1,13,0,0,29,26,4097,275,14.0,12,341.4166666666667
_arju_.__,arju_.c,0,0,1,0,385,317,0,1,0,0,2,0,353,35,7.0,2,176.5
am_xr.07,AMAR🧢,0,0,149,0,1014,1032,1,10,1,0,1,6,399,16,5.0,1,399.0
_bliss__of__souls_,0,0,0,104,0,238,413,1,1,0,1,7,4,962,67,0.0,7,137.42857142857142
anjanadinesh_,𝓪𝓷𝓳𝓪𝓷𝓪,0,0,30,0,129,121,0,8,0,1,0,0,0,0,6.0,0,0.0
haristr_85,Hari S,0,0,17,1,159,182,0,3,0,0,0,0,0,0,6.0,0,0.0
oru_chattambi_,soorya _Narayan,0,0,79,0,246,292,0,1,0,0,18,128,1452,423,15.0,12,121.0
__akshay_leo__,ᴀᴋsʜᴀʏ_ℓε๏__☬⚠,0,0,120,0,2027,1842,0,8,1,0,40,35,4667,230,14.0,12,388.9166666666667
__nandu_,ABHINAND S NANDU,0,0,126,0,709,698,0,4,0,1,69,11,1901,540,16.0,12,158.41666666666666
__suduuu__,|VASUDEVAN AM|,0,0,38,0,1042,915,0,9,1,0,5,17,2251,87,14.0,5,450.2
____hadi_mhd001,Hadi muhammed,0,0,0,0,1335,4376,0,11,0,1,81,11,1983,40,13.0,12,165.25
_.abh__i,Abhinav vinod CM,0,0,16,0,181,302,0,3,0,0,8,4,606,32,16.0,8,75.75
adil____ibrahim,A  D  I  L,0,0,0,0,798,699,0,0,0,0,2,4,556,65,10.0,2,278.0
abhishek_calicut,Abhishek_calicut,0,0,0,0,224,309,0,0,0,0,11,1,735,5,16.0,11,66.81818181818181
stup1fy.18,Manu,0,0,86,0,854,748,0,3,0,0,11,2,4495,432,4.0,11,408.6363636363636
_.arjun._.rathya._,ArJun RathYa,0,0,17,0,448,438,0,4,0,1,9,43,952,161,12.0,9,105.77777777777777
shafisaf,Muhammed Shafi,0,0,0,0,913,1673,0,5,0,1,36,27,2450,67,14.0,12,204.16666666666666
rohith__j,Rohith,0,0,12,0,509,563,1,1,0,1,37,109,2605,926,6.0,12,217.08333333333334
anj_ana_manu,Anjana Manu,0,0,29,0,415,360,0,0,0,1,0,0,0,0,11.0,0,0.0
iammudassar_27,Mudassar Ahmed Shaik!,0,0,64,0,309,616,0,2,0,1,11,5,1709,221,21.0,11,155.36363636363637
veronica_jai,VɆⱤØJ₳ł,0,0,148,0,105,56,0,8,0,1,42,0,438,28,7.0,12,36.5
m.j_05_,mebal joseph,0,0,2,0,516,516,0,3,0,1,6,26,1001,177,12.0,6,166.83333333333334
gkl_sunil,Gokul Sunil,0,0,2,0,1354,1396,1,6,0,1,4,8,1782,91,11.0,4,445.5
kotlajaideepreddy,Kotla Jaideep Reddy,0,0,0,0,134,164,0,0,0,1,3,0,67,0,19.0,3,22.333333333333332
thoyaja_malisetty,Thoyaja,0,0,47,0,410,485,0,0,0,1,0,0,0,0,7.0,0,0.0
_sandrasajeevan_,_SaNdRa_,0,0,1,0,1175,1061,0,0,0,0,2,0,1323,94,8.0,2,661.5
_shamil_fbz_,🌻_f_b_z_💫🍃,0,0,0,0,3315,2491,0,4,0,0,0,0,0,0,10.0,0,0.0
__hzn_._,Hasnas,0,0,3,0,3516,1811,0,16,0,0,27,23,6590,628,6.0,12,549.1666666666666
nabeel____mohd,N@B€€L !,0,0,0,0,989,2002,0,0,0,0,22,0,2382,75,8.0,12,198.5
_sourav_ch_,Sourav C,0,0,0,1,410,665,0,2,0,1,6,30,776,90,8.0,6,129.33333333333334
mr.karthik_k,Karthik K,0,0,142,0,1876,1743,1,6,1,0,13,11,6283,170,9.0,12,523.5833333333334
itzz_tym_2_confess_amrita,Amrita Confessions..,0,0,145,0,1054,176,0,7,0,0,205,0,2617,57,20.0,12,218.08333333333334
niyuzcreamybitez,CREAMY BITEZ,0,0,85,1,79,88,1,0,1,0,24,0,387,10,12.0,12,32.25
jugalbinni,jugl_,0,0,0,0,562,531,0,0,0,0,5,3,1204,104,5.0,5,240.8
mykoyilandy,MY_KOYILANDY,0,0,103,0,337,1344,0,1,0,0,45,2,844,8,12.0,12,70.33333333333333
abinlalt,the -black -devil-☠️,0,0,26,0,865,1694,0,0,1,0,22,35,1945,34,20.0,12,162.08333333333334
abby_graham0421,Abby Graham,0,0,59,0,188,261,0,0,0,0,49,4,233,9,11.0,12,19.416666666666668
__.ydu.___,Y A D H U,0,0,89,0,2194,1317,1,14,0,1,29,54,9053,236,9.0,12,754.4166666666666
___.orochimaru.___,JAYARAM,0,0,8,0,710,701,0,4,0,1,19,63,2205,71,7.0,12,183.75
__malavika______,MALAVIKA 🦋,0,0,2,0,762,745,0,7,0,1,0,0,0,0,10.0,0,0.0
_abijith_prasanthan_,Abijith Prasanthan,0,0,26,0,490,512,0,2,0,1,10,11,944,43,18.0,10,94.4
anurag_vakkalanka,Anurag Vakkalanka,0,0,43,0,401,424,0,1,0,1,5,1,585,34,17.0,5,117.0
rismila___sharin,RisMila🌸,0,0,6,0,705,591,0,8,0,1,1,4,289,14,8.0,1,289.0
prahalad_krishna,prahalad,0,0,111,0,1217,1212,0,1,0,1,6,15,1658,67,8.0,6,276.3333333333333
aswin_r_kurup_,Aswin R,0,0,0,0,295,418,0,0,0,1,0,0,0,0,7.0,0,0.0
_____anagha_,𝙰𝚗𝚊𝚐𝚑𝚊♥️ 𝚁𝚊𝚖𝚊𝚙𝚛𝚊𝚜𝚊𝚍,0,0,30,0,691,541,0,5,0,1,12,46,3045,328,19.0,12,253.75
nan__dh__ana__,🌻_мεεηυ_🌻,0,0,32,0,1182,251,0,14,0,1,0,0,0,0,9.0,0,0.0
sreeju._,𝐒𝐑𝐄𝐄𝐉𝐈𝐓𝐇,0,0,3,0,496,580,0,0,0,1,1,4,152,48,8.0,1,152.0
riid_a._,ridaaaaaaaaaaa!!,0,0,29,0,536,750,1,5,0,1,7,5,1409,128,16.0,7,201.28571428571428
shmns_sin,shamnas_sin🌻,0,0,18,1,5912,1624,0,15,1,0,154,8,15671,703,12.0,12,1305.9166666666667
preji___,പ്രജി♡,0,0,50,0,3087,3421,0,24,1,0,208,0,3881,152,6.0,12,323.4166666666667
abhinav__c__m,Abhinav vinod c m,0,0,0,0,48,21,0,0,0,0,0,0,0,0,17.0,0,0.0
___abhiji_th___,_abhijith_,0,0,34,0,919,1308,0,0,0,0,15,38,3428,208,10.0,12,285.6666666666667
athulmenon_,Athul Menon,0,0,12,0,713,1161,0,0,0,1,0,0,0,0,11.0,0,0.0
fvz______,.......Favas🔰faz........,0,0,0,0,1272,1003,0,3,1,0,0,0,0,0,24.0,0,0.0
akhi__leo,💞akhilcgs💞,0,0,24,0,3817,3816,0,10,1,0,27,75,8156,540,10.0,12,679.6666666666666
__ar4vind_,𝘼𝙧𝙖𝙫𝙞𝙣𝙙 𝙂𝙤𝙥𝙖𝙣,0,0,22,0,766,616,0,0,0,1,15,44,2525,231,13.0,12,210.41666666666666
muhd_afnad,Afnad Muhd,0,0,6,0,393,277,0,5,0,0,8,9,1379,70,10.0,8,172.375
s00raj._,Sooraj Krishnan,0,0,0,0,366,242,0,0,0,1,0,0,0,0,15.0,0,0.0
dev_m.d_,Devanand M D,0,0,91,0,517,520,1,4,0,0,68,10,1516,111,12.0,12,126.33333333333333
____aashik__,Ashik_df_14,0,0,65,0,966,1025,0,5,0,0,8,35,1866,58,11.0,8,233.25
mm93_________,Ajalvikas__,0,0,146,0,582,507,0,4,1,0,25,11,2164,564,11.0,12,180.33333333333334
s.d.a.t.s,0,0,0,28,0,553,339,1,5,0,0,97,87,1616,382,0.0,12,134.66666666666666
fsbsnakkabsjakmsnz,0,0,1,0,0,1447,976,0,5,0,1,0,0,0,0,0.0,0,0.0
bvnswaroop,BJSS 🍎,0,0,15,0,255,340,0,1,0,1,6,8,580,30,6.0,6,96.66666666666667
athira_g_mahesh,Athira Suresh🧚‍♂️,0,0,21,0,181,397,1,0,0,1,22,4,193,10,17.0,12,16.083333333333332
___s___r___m___,Sreeram K,0,0,92,0,972,950,0,0,0,1,17,10,1872,75,9.0,12,156.0
__hamood____,HAMOOD,0,0,1,0,2089,1995,1,12,1,0,163,12,6449,145,6.0,12,537.4166666666666
___ka__vya,SREE,0,0,22,0,641,630,0,2,0,1,0,0,0,0,4.0,0,0.0
le_yadukuttan,Yadu Krishnan,0,0,52,0,561,762,0,1,0,1,12,61,1643,160,13.0,12,136.91666666666666
sonu_____jk,Sonu,0,0,106,0,1559,1502,1,3,1,0,15,82,6676,756,4.0,12,556.3333333333334
__muaad_22__,MUHAMMED MUAAD,0,0,141,0,800,1369,0,0,0,0,8,1,1712,16,14.0,8,214.0
anugrah_l_m_30,Anugrah Anu,0,0,90,0,1643,1253,0,14,0,0,11,68,2985,214,11.0,11,271.3636363636364
sha_ah___,Shahansha,0,0,5,0,2068,2510,1,3,1,0,1,7,197,7,9.0,1,197.0
_sou_rav__________,ડourav🖤,0,0,2,0,1008,673,0,2,0,1,3,11,1098,62,7.0,3,366.0
sneha_madathil,SNEHA,0,0,0,0,737,709,0,18,0,1,15,18,3798,191,5.0,12,316.5
youngsters_velur,Thottathil Brothers,0,0,0,0,310,1721,0,0,1,0,12,18,1649,136,19.0,12,137.41666666666666
smriti_pillai,Smriti Pillai🦋,0,0,19,0,470,462,0,5,0,1,104,8,2192,66,14.0,12,182.66666666666666
bharathprathap,Bharath Prathap,0,0,51,0,346,440,0,3,0,1,15,17,1067,57,15.0,12,88.91666666666667
itzz_me__anu,Anugraha,0,0,32,0,365,435,0,12,0,1,5,7,983,85,8.0,5,196.6
hisham__abdulsalam,Hisham,0,0,0,0,720,582,0,4,0,1,9,36,2064,245,6.0,9,229.33333333333334
hill__climber,Hill Climber,0,0,15,0,2191,2910,1,3,0,0,121,1,3337,197,12.0,12,278.0833333333333
__mj__kid__,Akhil A M,0,0,67,0,795,921,1,5,0,0,12,16,2405,230,9.0,12,200.41666666666666
amritayoli,Offensive Memes of Amrita,0,0,149,0,96,275,0,0,1,0,7,0,150,0,25.0,7,21.428571428571427
_na_jaf_,0,0,0,0,0,1679,647,0,3,0,1,0,0,0,0,0.0,0,0.0
as.hik3428,Ashik,0,0,0,0,290,1566,0,0,1,0,0,0,0,0,5.0,0,0.0
men.x__,نحال | NIHAL,0,0,41,1,1416,506,0,8,1,0,18,22,2644,90,12.0,12,220.33333333333334
zainul_abidh_,Zainul Abidh,0,0,67,0,1160,731,0,6,0,1,7,14,2058,136,12.0,7,294.0
hamzyousa,HAMZA YOUSAF,0,0,11,0,673,1059,0,1,1,0,5,17,1404,127,12.0,5,280.8
favadajmal,Favad Kottakkulath,0,0,37,0,2149,2489,0,6,0,0,23,17,5208,108,18.0,12,434.0
__de_va_nath__,ᴅᴇᴠᴀɴᴀᴛʜ__ɴ🔰,0,0,62,0,3339,2535,0,0,0,0,1,0,548,3,12.0,1,548.0
abdul__assees,عبد العزيز,0,0,23,0,3141,1911,1,39,1,0,116,22,7395,185,10.0,12,616.25
mr_moto_rider_14,Akash manoj ⚠️,0,0,45,0,1125,859,1,19,1,0,47,77,2458,136,14.0,12,204.83333333333334
muhd___ramshad,Muhammed Ramshad,0,0,19,0,455,1271,0,0,1,0,16,0,1776,115,16.0,12,148.0
lesham_offensive,Lesham Offensive,0,0,66,0,3075,520,1,1,0,1,478,0,3733,55,16.0,12,311.0833333333333
shaluuu_1234,shalu,0,0,51,0,1793,964,0,18,1,0,0,0,0,0,5.0,0,0.0
jamsheer_jazz._._,•ＪＡＭＳＨＥＥＲ•,0,0,150,0,1192,1027,1,13,1,0,24,13,2569,174,10.0,12,214.08333333333334
_best_deals_2020,best deals 2020,0,0,121,1,43,279,0,0,1,0,76,0,43,0,15.0,12,3.5833333333333335
___ada___rsh___,adarsh rajeev,0,0,56,0,5260,4871,0,26,1,0,29,23,18274,602,13.0,12,1522.8333333333333
albrinndr,⠀𝙰𝙻𝙱𝚁𝙸𝙽,0,0,11,0,1440,1835,0,3,1,0,8,12,2622,57,7.0,8,327.75
_h_mna_,0,0,1,0,0,196,472,0,0,0,1,0,0,0,0,0.0,0,0.0
ab_hi_ram___,Abhiram🔥🔅🔅🔆🔆,0,0,96,0,8211,4821,1,10,1,0,65,3,18781,486,12.0,12,1565.0833333333333
the___niche,𝚝𝚑𝚎   𝚗𝚒𝚌𝚑𝚎,0,0,45,0,70,42,0,1,0,0,11,4,248,27,11.0,11,22.545454545454547
_travel__blog,tarvel_blog,0,1,39,0,863,1579,0,2,0,0,22,0,594,5,11.0,12,49.5
basil___.__,باسل بيك💗,0,0,144,0,2297,2181,0,1,0,0,3,4,950,41,9.0,3,316.6666666666667
niyatha_yb,KOZHIKODEN KANTHARI,0,0,100,1,1210,471,1,11,0,0,166,1,1460,91,19.0,12,121.66666666666667
yadhukrishnajayaprakash,Y Λ D Ή Ц K Я I Ƨ Ή П Λ,0,0,107,0,518,528,0,5,0,1,8,5,1540,137,25.0,8,192.5
nive_d__,",,",0,0,55,0,802,416,0,7,0,1,0,0,0,0,2.0,0,0.0
_rob1n____,0,0,0,4,0,778,322,1,12,0,1,29,28,1731,142,0.0,12,144.25
safreena_safr,Safreena,0,1,9,0,62,51,0,0,0,1,2,0,13,0,8.0,2,6.5
beli__ver,Nanda Kishor As,0,0,5,0,1056,1157,0,2,0,0,27,19,2941,151,15.0,12,245.08333333333334
nashikatte,WOLF BOY👺,0,0,0,0,1640,4764,0,1,0,0,22,100,3978,304,9.0,12,331.5
reghunathnikhil,Nikhil Reghunath,0,0,31,0,276,348,0,0,0,0,7,0,314,17,16.0,7,44.857142857142854
devadath_pramod,Devadath,0,1,1,0,6,6,0,0,0,0,0,0,0,0,8.0,0,0.0
devika__devutty_,❤️Devika devutty,0,0,0,0,854,1309,0,3,0,1,21,0,1994,112,16.0,12,166.16666666666666
vishnu_c_k_,vishnu c k,0,0,0,0,475,1615,0,3,0,0,14,21,1279,118,10.0,12,106.58333333333333
__.sou_rav._, سورو,0,0,0,0,1080,789,0,6,0,0,36,2,3636,334,6.0,12,303.0
ashwinnv,Ashwin,0,0,0,0,487,426,0,0,0,1,0,0,0,0,6.0,0,0.0
jishad._____,MUHAMMED JISHAD,0,0,2,0,1135,824,0,3,0,1,2,1,563,28,15.0,2,281.5
_nija_ansi_,Nija,0,0,14,0,386,226,0,21,0,1,38,8,1776,26,4.0,12,148.0
_.sahla._____,🥀سحلة,0,0,0,0,438,456,0,6,0,1,8,4,2049,220,5.0,8,256.125
breath__breaker,Ra__hu_l,0,0,0,0,226,225,0,1,0,0,2,13,194,20,8.0,2,97.0
aswin__bharath,Aswin Bharath,0,0,57,0,1214,900,1,16,1,0,62,33,3290,286,13.0,12,274.1666666666667
our.kappad,Kappad | നമ്മുടെ കാപ്പാട് ©,0,0,52,1,1367,1355,1,7,1,0,66,10,1575,40,27.0,12,131.25
shahid__a_k,شاھد,0,0,0,0,743,556,1,9,1,0,28,6,2794,368,4.0,12,232.83333333333334
_._._bony._._._,F@j@R M£#|>,0,1,134,0,7909,4036,0,6,1,0,0,0,0,0,11.0,0,0.0
programmers_kerala,PROGRAMMER'S_KERALA,0,0,101,1,1234,3288,1,5,0,1,11,8,1223,65,19.0,11,111.18181818181819
officialcjunior,aswin chandanaveli 🕊️,0,0,36,1,906,914,1,11,1,0,58,17,2484,122,21.0,12,207.0
iam_s_ta_li_n,ᴀʙʜɪɴᴀᴠ,0,0,124,0,2241,2241,1,12,1,0,91,23,6700,613,7.0,12,558.3333333333334
__shi_nad__,✨شـناد✨,0,0,0,0,790,560,0,6,1,0,10,25,4102,142,7.0,10,410.2
the_infinity_cruiser,Ajay Kumar S M,0,0,150,0,1324,1116,1,9,1,0,41,130,4432,484,14.0,12,369.3333333333333
___sa_lman_,salmanul faris,0,0,0,0,1050,791,0,13,0,0,41,1,2998,188,14.0,12,249.83333333333334
zayan_fayiz,fayis muhammed,0,0,6,1,257,307,0,0,0,1,0,0,0,0,14.0,0,0.0
_ffad.__,0,0,0,3,0,971,322,1,6,0,1,1,2,116,0,0.0,1,116.0
jasirmhmd__,جاسر محمد,0,0,11,0,612,419,0,4,0,1,6,15,989,67,9.0,6,164.83333333333334
akash_alexy,ak@$# j!t#u,0,0,138,0,712,695,0,9,0,1,8,11,1479,137,11.0,8,184.875
mzb_mzu,𝐌𝐢𝐬 𝐡𝐚𝐛 | ميسب,0,0,25,0,2138,1645,1,8,1,0,37,7,5370,222,14.0,12,447.5
__abay____,aBay!,0,0,140,0,1390,1333,0,24,1,0,57,26,3588,194,5.0,12,299.0
gok__u_l,Gokul TP,0,0,0,0,928,929,0,2,0,1,12,13,2706,212,8.0,12,225.5
asif__8272,asif,0,0,7,0,453,2088,1,4,1,0,34,44,601,47,4.0,12,50.083333333333336
_ni_shad___,نِشَذ,0,0,136,0,1281,3646,1,4,1,0,40,37,3170,93,5.0,12,264.1666666666667
_.sudu_,🏵️। वासुदेवन ।️🏵,0,0,70,0,218,340,0,3,0,0,5,10,334,2,16.0,5,66.8
aksh_ay_vinod_,Akshay Vinod,0,0,6,0,447,627,1,4,0,0,6,41,1164,179,12.0,6,194.0
siddartha_varma7,siddarth_varma,0,0,36,0,711,1362,1,0,0,1,19,0,951,12,14.0,12,79.25
_s_0urav_,SOURAV KRISHNA,0,0,29,0,339,226,0,0,0,0,1,1,183,19,14.0,1,183.0
prathyushaponnu,Prathyusha Ponnu,0,0,60,0,1203,736,0,0,0,0,3,0,932,44,16.0,3,310.6666666666667
__crime__partner__04,രോഹിതത്. എം,0,0,144,0,2521,1986,1,22,0,0,39,3,2928,204,12.0,12,244.0
_a__r_j_,Abhinavraj p k,0,0,36,0,1010,990,0,10,0,1,9,42,3415,106,14.0,9,379.44444444444446
raheem_anzoor,raheem_a_ z__r,0,0,0,0,3782,3971,1,25,1,0,103,13,3845,233,14.0,12,320.4166666666667
__jabir__tanur,🌹جابر🌹,0,0,67,0,583,323,0,0,0,0,5,19,1563,242,6.0,5,312.6
f_h_a_d_r_a_h_m_a_n,fahad rahman,0,0,0,0,420,903,0,0,0,0,15,0,1782,14,12.0,12,148.5
devadath_._pramod_._._._,°¤__ɗꍟᐯɑɗɑʈɧ ƥɽɑɱꂦɗ__¤°,0,0,73,0,257,286,0,4,1,0,11,0,1304,46,23.0,11,118.54545454545455
moto_pulse.__,𝓢𝓪𝔂𝓪𝓷𝓽𝓱 / 𝓢𝓢,0,0,120,1,2326,1360,1,10,1,0,47,77,4858,466,12.0,12,404.8333333333333
fi_.dha_h,0,0,0,0,0,255,326,0,0,0,1,0,0,0,0,0.0,0,0.0
costume_.of_kottakkal,ᶜᵒˢᵗᵘᵐᵉ ᵒᶠ ᵏᵒᵗᵗᵃᵏᵏᵃˡ,0,0,22,0,782,202,0,1,1,0,3,40,283,41,20.0,3,94.33333333333333
as_hif____2,💫ashif_2💫,0,0,29,0,2939,931,1,20,1,0,39,73,2519,180,9.0,12,209.91666666666666
insta.snaps._,❙ 🇳 🇸 🇹 🇦 🇸 🇳 🇦 🇵 🇸 📸,0,0,150,0,3208,2880,0,1,1,0,36,42,2525,582,21.0,12,210.41666666666666
_gdev_,Jidev KD 🔆,0,0,31,0,1265,1092,0,9,0,1,31,23,2839,471,10.0,12,236.58333333333334
sabitharashi_ishani,Isha,0,0,50,0,1227,517,0,0,0,1,41,4,3449,150,4.0,12,287.4166666666667
abhinav_pn,Abhinav pn,0,0,15,0,5343,2130,1,5,1,0,30,6,4426,244,10.0,12,368.8333333333333
sreerag.vivek,z3r0_K,0,0,48,0,1190,1113,0,1,1,0,14,20,4903,424,6.0,12,408.5833333333333
_an.ja.na_,Anjana.Mc,0,0,136,0,644,524,0,6,0,1,7,14,2000,288,9.0,7,285.7142857142857
fa.___.thima,فاطمة,0,0,24,0,1069,200,0,17,0,1,0,0,0,0,5.0,0,0.0
s_r_u_t_h_i_g_s,sruthi gireesh,0,0,86,0,477,220,0,1,0,0,18,12,4150,166,14.0,12,345.8333333333333
v_e_e_r_333,Siddasai VéÈr,0,0,14,0,209,217,0,1,0,1,14,6,827,41,15.0,12,68.91666666666667
aj_z_al,AJZAL UL AZEEZ RAZAK,0,0,98,0,1143,837,1,25,1,0,52,41,5685,557,20.0,12,473.75
hotshot_designs._,HOTSHOT DESIGNS🌼,0,0,70,0,371,38,1,0,1,0,29,219,1198,254,16.0,12,99.83333333333333
__imty._.s,🍁,0,0,2,0,1621,331,0,0,0,1,0,0,0,0,1.0,0,0.0
de_moto_gokz,gokZz🤪,0,0,117,0,335,188,0,4,0,1,5,72,618,103,6.0,5,123.6
tann._.mann,Thanmayee prasad,0,0,42,0,944,998,0,17,0,1,56,21,4859,153,16.0,12,404.9166666666667
chandhess_chachu,RV Chandhess Chachu,0,0,45,0,277,197,0,2,0,0,10,1,752,19,19.0,10,75.2
kl.9_leeds_fc,KL-9 LEEDS FC,0,0,124,0,138,16,0,0,1,0,0,0,0,0,13.0,0,0.0
thenauticalone,Prithvi Syam D S💫,0,0,133,0,1119,900,1,12,0,0,21,69,3745,384,17.0,12,312.0833333333333
__uwaiz__,Muhammed Uwaiz,0,0,0,0,915,558,0,7,0,1,3,0,721,35,14.0,3,240.33333333333334
___87_______,0,0,1,0,0,510,180,0,0,0,0,0,0,0,0,0.0,0,0.0
puja_sasidharan,puja✨,0,0,1,0,1016,696,1,0,0,1,7,9,2399,356,5.0,7,342.7142857142857
shi____fa__,SHIFA,0,0,1,0,844,674,0,8,0,1,9,6,2755,303,5.0,9,306.1111111111111
__abhi1_,😍أبشيك⛹️‍♂️,0,0,112,0,5204,3596,1,3,1,0,21,111,9475,1295,12.0,12,789.5833333333334
vintage_of_kl__,costumes of kerala,0,0,81,0,315,943,0,1,0,0,32,14,1028,78,18.0,12,85.66666666666667
ini_enth_venam,Ini Enth Venam 🤙,0,0,92,0,367,1268,0,0,0,0,108,0,986,10,16.0,12,82.16666666666667
__daanylji__,__ARJUN...,0,0,73,0,3400,3115,0,0,1,0,0,0,0,0,10.0,0,0.0
_.x3._.boy._,RAFIK MUHAMMED,0,0,143,0,326,157,0,5,1,0,0,0,0,0,14.0,0,0.0
devadath____pramod___,DevÂdath🍀🍁。。,0,0,0,0,424,724,0,0,0,0,12,1,1322,29,13.0,12,110.16666666666667
vintage____gallery,🌼VINTAGE____GALLERY🌼,0,0,137,0,7762,5074,0,0,1,0,8,135,2831,245,20.0,8,353.875
sandrahh__._,•𝓈𝒶𝓃𝒹𝓇𝒶 •,0,0,67,1,999,649,0,13,0,1,9,15,3498,243,9.0,9,388.6666666666667
misfal_pk,MISFAL.,0,0,14,0,1163,940,1,12,0,0,0,0,0,0,7.0,0,0.0
mr.akshith_aj,Akshith Sanjeev | India 🇮🇳,0,0,79,0,1421,1248,1,14,1,0,125,88,2860,299,26.0,12,238.33333333333334
___ma___world__,hey,0,0,0,0,33,10,1,0,0,0,6,6,158,13,3.0,6,26.333333333333332
ashik_c_k,Ashik Ck,0,0,0,0,363,457,0,0,0,1,2,1,290,21,8.0,2,145.0
_cycle___rider___,Suhad_ shamil,0,0,54,0,1685,1424,0,1,1,0,30,50,6108,303,13.0,12,509.0
ammu____zzz,Ananya,0,0,45,0,1273,539,0,6,0,1,6,35,3574,396,6.0,6,595.6666666666666
jhonywalke.r,Sreevishnu,0,0,34,0,1331,776,0,3,0,1,9,19,3294,324,10.0,9,366.0
_rooith.raj,Rᴏʜɪᴛʜ ʀᴀᴊ,0,0,42,0,1198,1020,0,1,0,1,10,11,1876,258,10.0,10,187.6
rashid_c___,Rashid c,0,0,45,0,6375,2746,1,0,1,0,187,8,4195,254,8.0,12,349.5833333333333
haripriya6930,haripriya 🥀,0,0,140,0,71,2432,0,2,0,1,11,0,138,6,11.0,11,12.545454545454545
_____eldho,Neeraj,0,0,0,0,1540,1069,1,2,0,0,6,21,2545,155,6.0,6,424.1666666666667
bad__boy__369,|| A S W I N ||,0,0,149,1,3169,1911,0,16,1,0,16,248,7427,1156,15.0,12,618.9166666666666
_vintage_modle,boss⚠,0,0,118,0,305,3501,0,0,1,0,88,53,960,109,5.0,12,80.0
s4r.4ng,S ∆ R ∆ N G,0,0,45,0,846,604,0,1,0,1,6,37,1380,146,11.0,6,230.0
sachozzz,VISHAK V,0,0,127,0,113,223,0,6,0,1,15,22,245,31,8.0,12,20.416666666666668
m_h_d_cp,Muhammed C.P,0,0,19,0,1047,1295,0,4,1,0,5,4,1165,110,12.0,5,233.0
_.monjathi_,മൊഞ്ചത്തി👧,0,0,122,0,179,488,0,0,1,0,7,17,354,38,11.0,7,50.57142857142857
royal.______lover,Abhinav C. M,0,0,0,0,81,251,0,1,0,0,4,0,94,0,12.0,4,23.5
_shmr__c._,shameerc 🎭,0,0,68,0,7187,3532,0,2,1,0,0,0,0,0,10.0,0,0.0
_jiyad._,Jiyad,0,0,25,0,1024,689,1,8,0,1,116,9,2659,248,6.0,12,221.58333333333334
amishasharmag87,AmiShA,0,0,18,0,833,578,0,3,0,1,3,0,229,22,6.0,3,76.33333333333333
_riiichu_,हृदुन  मनोहर  🥀,0,0,99,0,1274,1335,1,30,0,1,300,6,3321,118,15.0,12,276.75
semi______deen,شميمة مؤدين 🥀,0,0,0,0,1604,274,0,5,0,1,0,0,0,0,14.0,0,0.0
fidha_anan,0,0,0,8,0,2593,403,0,13,0,1,0,0,0,0,0.0,0,0.0
m_o_z_a_c_o_b_o_y,✿TD 2  >°🆅🅸🆂🅷🅽🆄 🅳🅰🆂°<,0,0,26,0,2332,1248,1,32,1,0,142,191,5060,1660,21.0,12,421.6666666666667
__fari_03,fari,0,0,41,0,992,1029,0,4,0,0,15,30,1794,158,4.0,12,149.5
narjees_narji,narjees narji,0,0,59,0,299,250,0,2,0,1,0,0,0,0,13.0,0,0.0
adarsh_dinesan,KM adarsh,0,0,13,0,772,937,0,10,0,1,7,0,994,22,9.0,7,142.0
abin.me_,#💟🐥,0,0,25,1,3217,1500,1,9,1,0,15,20,2920,261,3.0,12,243.33333333333334
ms_cuts__,😎,0,0,7,0,125,1075,0,0,1,0,0,0,0,0,1.0,0,0.0
jamal_z_,0,0,0,0,0,396,3068,0,0,0,0,2,0,23,0,0.0,2,11.5
muhd_jinas._,🦋  محمد جناس 🦋,0,0,89,0,2558,672,0,5,1,0,17,53,4446,767,14.0,12,370.5
sujanya_,Sujanya Reddy💜,0,0,38,0,1001,894,0,4,0,1,21,15,4594,341,14.0,12,382.8333333333333
___a__s__h__i_,@$#id,0,0,44,0,371,291,0,3,0,0,3,12,303,20,5.0,3,101.0
muhsin_junga,Alhamdulillah,0,0,4,1,2903,504,0,4,1,0,70,18,10348,298,13.0,12,862.3333333333334
moo__za,ꜱʜᴀʜᴇᴇʟ,0,0,24,0,4078,2383,1,4,1,0,70,28,5614,379,7.0,12,467.8333333333333
461f___,Arif,0,0,0,0,1106,418,1,16,1,0,164,36,1779,219,4.0,12,148.25
nivas__mohd,Nivas Mohammed,0,0,0,0,1957,1315,1,12,0,0,106,39,2569,475,14.0,12,214.08333333333334
_my_koyilandy_,MY_KOYILANDY,0,0,107,0,1886,1700,0,3,0,0,195,2,2015,9,12.0,12,167.91666666666666
___.__ayesha__.___,Ayesha sreejith,0,0,36,0,790,666,0,13,0,1,4,14,839,151,15.0,4,209.75
ray_an_arif,🔥R∆Y∆N●∆RIF,0,0,18,0,1552,1892,0,3,0,0,12,12,5185,199,11.0,12,432.0833333333333
ig.villian8,A M B R O,0,0,52,0,2320,579,0,3,1,0,0,0,0,0,9.0,0,0.0
__la_lu____,L a l U,0,0,61,0,556,784,0,4,0,0,26,7,1056,34,7.0,12,88.0
zawin_crafts__,0,0,0,0,0,96,0,0,0,0,1,33,0,386,3,0.0,12,32.166666666666664
_shaan__.__,sanal,0,0,0,0,2339,1936,0,0,1,0,17,20,5084,236,5.0,12,423.6666666666667
_a_j_73,AJITH,0,0,0,0,1840,518,0,2,0,1,64,2,1413,174,5.0,12,117.75
safasafu_,𝐒𝐀𝐅𝐀🌸,0,0,83,0,3427,49,0,3,1,0,4,19,2686,150,5.0,4,671.5
zemi_zm_._,سم بشىر .❗,0,0,14,0,1426,1059,0,4,1,0,32,12,3366,397,10.0,12,280.5
_x.root_,【﻿Ашик】,0,0,14,0,1643,439,0,8,0,0,0,0,0,0,7.0,0,0.0
akshaylinson,أ كشا ي,0,0,61,0,3033,1635,1,15,1,0,42,21,3862,186,8.0,12,321.8333333333333
i_am_rubbana,Halima Begum,0,0,97,1,1508,157,0,2,1,0,38,0,1836,179,12.0,12,153.0
aysha_surumi_,ayshu😁,0,0,134,0,1761,6854,0,42,0,1,14,0,3959,123,6.0,12,329.9166666666667
shanenigaminsta,shane nigam fans page®,0,0,103,0,1752,643,0,12,1,0,97,31,2684,55,22.0,12,223.66666666666666
ashidank_____,Ⓐ︎Ⓢ︎Ⓗ︎Ⓘ︎,0,0,148,0,1085,662,1,12,0,1,8,16,3531,826,8.0,8,441.375
sha__hid__84,شاهد ارفان🌺🌸,0,0,53,0,1067,1382,0,0,0,0,27,53,2915,253,12.0,12,242.91666666666666
aleenapradeepan,Aleena Pradeepan,0,0,85,0,525,269,0,1,0,1,9,11,2590,246,16.0,9,287.77777777777777
__.sb.___,SHAMNAD BHASI 😎,0,0,81,0,4736,2664,1,6,1,0,254,22,7671,297,15.0,12,639.25
fathimah_zubair,🌸,0,1,15,0,115,119,0,0,0,1,0,0,0,0,1.0,0,0.0
swaalyy,Salih | 🇮🇳,0,0,12,0,24986,987,0,6,0,0,0,0,0,0,10.0,0,0.0
sruthyy._,sruthii._,0,0,55,0,3086,722,0,9,0,1,10,16,6864,884,9.0,10,686.4
nabeel__muhd,NABEEL MUHMD🧞‍♂️,0,0,87,1,4125,2225,1,52,1,0,245,16,6549,401,16.0,12,545.75
trollkoyilandy,Tʀᴏʟʟ Kᴏʏɪʟᴀɴᴅʏ Oғғɪᴄɪᴀʟ,0,0,95,0,2213,11,1,1,1,0,164,0,5676,63,24.0,12,473.0
hadii._.122,𝘏𝘢𝘥𝘪,0,0,1,0,3263,851,0,2,1,0,6,8,3684,395,4.0,6,614.0
the_rider_of_kl_65,rider of kl 65,0,0,31,0,1701,5134,0,12,0,0,89,158,2673,519,14.0,12,222.75
__siyaaz,Mohammed siyaz,0,0,25,0,1953,1916,1,8,1,0,62,11,4789,512,14.0,12,399.0833333333333
ashishj_violin,Ashish Jagan,0,0,71,1,1105,1861,1,0,1,0,93,0,2332,374,12.0,12,194.33333333333334
higram.in,HiGram,0,0,0,1,3762,2049,0,7,1,0,37,1,376,11,6.0,12,31.333333333333332
af__l_u_,A F L A H,0,1,1,0,3289,1084,1,14,1,0,22,21,6434,411,9.0,12,536.1666666666666
__.a.r_u.n.__,ΛЯЦП.....👿,0,0,149,0,483,1080,1,8,0,0,29,39,1763,108,10.0,12,146.91666666666666
nikhil_ctml,💙🌻 ɴ ɪ ᴋ ʜ ɪ ʟ 🌻,0,0,73,0,2106,980,1,0,1,0,12,7,6078,257,16.0,12,506.5
__asif.x.10__,__ASIF__,0,0,12,0,1265,1673,0,10,0,0,3,19,1301,331,8.0,3,433.6666666666667
adhii._____,Adil,0,0,10,0,1211,541,0,1,1,0,1,0,178,7,4.0,1,178.0
afzalmuhamme_d,AFZAL,0,0,85,0,2475,475,1,7,1,0,96,73,2904,321,5.0,12,242.0
_jb_n,لِنُ جبن🍁,0,0,13,0,3861,1475,1,30,1,0,61,4,6873,430,9.0,12,572.75
nihal5977,Nihal Najeeb,0,0,0,0,173,287,0,0,0,1,1,0,42,0,12.0,1,42.0
sabithpkcmnr,Sabith Pkc Mnr,0,0,24,1,834,63,0,0,1,0,38,0,1368,89,14.0,12,114.0
ascended__soul,Dileep Krishna,0,1,21,0,1102,974,0,6,0,0,55,1,1298,58,14.0,12,108.16666666666667
mallu_stoner___,God made weed,0,0,0,0,1945,1127,1,2,1,0,16,0,1221,7,13.0,12,101.75
fi_y_ah,🦋 فاطمة  فدة🦋,0,0,115,0,832,15,0,0,0,1,0,0,0,0,13.0,0,0.0
tenml.official,1OmL™,0,0,112,0,83,18,0,1,1,0,5,2,381,79,5.0,5,76.2
fasilrahman1161,Fasilrahman,0,0,2,0,4690,2907,1,4,1,0,33,15,5083,803,11.0,12,423.5833333333333
a_htihsk_a,Akshitha Chamala,0,0,93,1,1464,2210,1,16,0,1,30,15,6103,745,16.0,12,508.5833333333333
_.rishad.__________,L e r a 💙,0,0,63,0,2781,1600,0,4,1,0,14,142,6695,1361,9.0,12,557.9166666666666
s__a____n____c,IRFAN V,0,0,27,0,720,923,0,0,0,0,37,44,957,79,7.0,12,79.75
ck_salman_,StoRy of ME,0,0,52,0,4702,2034,1,29,1,0,248,23,3647,241,11.0,12,303.9166666666667
itsme_al_ka,💙#💟αℓкα💫,0,0,131,1,3418,995,1,9,0,0,19,96,5247,362,8.0,12,437.25
___a_t_h_u_l,💙☬𝐌𝟏_ʸᵃᵃᵗʰʳⁱᵏᵃⁿ,0,0,38,0,2820,1813,0,5,1,0,18,15,6994,911,15.0,12,582.8333333333334
amrita_fun_fightz,Amrita Fun Fights,0,0,143,0,1507,28,0,2,1,0,166,16,4074,21,17.0,12,339.5
shafi_bcdz,🍁 شاف,0,0,121,0,1249,335,0,18,1,0,22,99,6437,364,5.0,12,536.4166666666666
saitharunreddy_35,Saitharun Reddy,0,0,106,0,242,488,0,6,0,1,38,0,1010,89,15.0,12,84.16666666666667
karthik_photographi,Karthik K,0,0,71,0,1173,1149,1,1,1,0,111,6,1530,2,9.0,12,127.5
__._zid_.__,Arafath,0,0,25,0,2046,2221,0,8,1,0,79,40,4093,525,7.0,12,341.0833333333333
mr.muhzii,𝖒𝖚𝖍𝖘𝖎𝖓║محسن,0,0,134,1,5460,3782,0,7,1,0,31,7,11576,568,11.0,12,964.6666666666666
saanntrrix._.09,SAndeep kumAR NaiR,0,0,137,0,3818,4027,0,10,1,0,219,50,1351,0,18.0,12,112.58333333333333
old__983__costumes,old👣_costumes,0,0,0,0,393,37,0,0,1,0,0,0,0,0,13.0,0,0.0
srithiyaah.__,SKV,0,1,10,0,1508,432,0,3,0,1,0,0,0,0,3.0,0,0.0
vidyutmultifest,Vidyut,0,0,127,1,2404,4,0,13,1,0,400,6,6737,12,6.0,12,561.4166666666666
__.suh4il__,📍 محمد سهيل,0,0,150,0,4397,7029,0,5,1,0,83,23,2945,104,11.0,12,245.41666666666666
a_dhll._,@ d h i l l,0,0,0,0,1012,739,0,4,0,1,6,24,1386,138,11.0,6,231.0
bijinesh_x.77,ＮȺＮƊҤṲ﹏❣,0,0,105,0,1108,687,0,9,0,1,17,136,3677,1055,9.0,12,306.4166666666667
hashim_falah,हाशिम फलाह,0,0,0,0,7033,1110,1,14,1,0,54,11,7755,191,10.0,12,646.25
ansaf_ek,انزاف,0,0,38,0,1618,837,1,7,1,0,1,0,328,71,5.0,1,328.0
mirthasism,Mirthas Muhammed,0,0,150,0,351,242,1,4,1,0,107,0,796,36,16.0,12,66.33333333333333
